Model,Reconfig_Time_Base,Reconfig_Time_Hpipe,Avg_Latency_Base,Avg_Latency_Hpipe,Throughput_Base,Throughput_Hpipe
resnet50,2.0722453594207764,0.0401461124420166,0.07520410060882568,0.03414135456085205,425.50871217047165,937.2797421661934
mobilenet_v2,2.0573225021362305,0.02669978141784668,0.05865132808685303,0.017246723175048828,545.5971935130477,1855.42492189444
vit,2.0916218757629395,0.05250978469848633,0.07426424980163575,0.03344141960144043,430.8937353501034,956.8971766563898
llama,2.0367300510406494,0.011994600296020508,0.0507454252243042,0.010147418975830078,630.5987162104576,3153.5112599785343
